Tinghao,Liu,Adam,12345
Ray,Chen,Ray,54321
David,Liu,David,135
Peter,Chiu,Peter,246
Jack,Lu,Jack,1479
Cindy,Chen,Cinday,23456
Shiaoming,Shi,Shi,09876
Baba,Ali,Ali,3456
Kevin,Liu,Kevin,1290
Hu,Liu,Hu,98765
Max,Liu,Max,1234
Jones,Yu,Jones,1234
